1,1,1952,1.33,1.54,1.62,1.67,1.72,1.76,1.79,1.88,1.97,2.06,2.14,2.49
1,2,1952,1.34,1.56,1.65,1.7,1.75,1.81,1.85,1.97,2.08,2.18,2.28,2.64
1,3,1952,1.37,1.52,1.59,1.63,1.68,1.73,1.77,1.9,2.01,2.1,2.18,2.52
1,4,1952,1.58,1.68,1.72,1.75,1.77,1.8,1.81,1.87,1.94,2.02,2.1,2.44
1,5,1952,1.64,1.75,1.79,1.82,1.84,1.87,1.89,1.95,2,2.06,2.12,2.39
1,6,1952,1.75,1.8,1.83,1.85,1.88,1.92,1.95,2.05,2.13,2.19,2.24,2.42
1,7,1952,1.8,1.86,1.89,1.91,1.94,1.98,2.01,2.13,2.22,2.28,2.32,2.47
1,8,1952,1.71,1.85,1.91,1.95,2,2.05,2.09,2.21,2.3,2.37,2.41,2.56
1,9,1952,1.46,1.7,1.81,1.87,1.94,2,2.04,2.17,2.27,2.35,2.43,2.7
1,10,1952,1.59,1.75,1.82,1.86,1.92,1.97,2.01,2.13,2.22,2.28,2.34,2.54
1,11,1952,1.78,1.92,1.99,2.03,2.07,2.11,2.13,2.21,2.27,2.31,2.35,2.52
1,12,1952,1.94,2.02,2.06,2.08,2.11,2.14,2.16,2.24,2.3,2.34,2.38,2.56
1,1,1953,1.82,1.93,1.97,2,2.03,2.07,2.09,2.18,2.26,2.33,2.4,2.66
1,2,1953,2.02,2.11,2.15,2.16,2.19,2.2,2.22,2.26,2.31,2.37,2.44,2.73
1,3,1953,1.99,2.01,2.03,2.05,2.07,2.1,2.13,2.24,2.33,2.41,2.48,2.76
1,4,1953,2.06,2.23,2.3,2.34,2.39,2.43,2.46,2.55,2.63,2.7,2.76,3
1,5,1953,1.94,2.23,2.35,2.42,2.5,2.58,2.63,2.79,2.91,3.01,3.09,3.31
1,6,1953,1.61,1.89,2.04,2.11,2.2,2.28,2.33,2.48,2.59,2.69,2.76,3.01
1,7,1953,1.94,2.06,2.12,2.16,2.21,2.26,2.31,2.45,2.57,2.67,2.74,2.99
1,8,1953,1.79,1.89,1.95,1.99,2.06,2.14,2.21,2.45,2.64,2.77,2.86,3.09
1,9,1953,1.22,1.46,1.59,1.67,1.77,1.87,1.95,2.18,2.34,2.43,2.49,2.65
1,10,1953,0.98,1.19,1.31,1.39,1.49,1.6,1.7,1.99,2.2,2.34,2.44,2.71
1,11,1953,1.44,1.5,1.53,1.57,1.62,1.69,1.76,1.98,2.16,2.3,2.41,2.75
1,12,1953,1.25,1.35,1.42,1.46,1.52,1.6,1.67,1.88,2.03,2.13,2.21,2.48
1,1,1954,0.96,0.92,0.93,0.95,1,1.1,1.19,1.53,1.78,1.95,2.09,2.49
1,2,1954,0.89,0.92,0.95,0.97,1.01,1.06,1.12,1.34,1.56,1.78,1.98,2.47
1,3,1954,0.99,0.99,1,1.01,1.04,1.09,1.14,1.34,1.55,1.75,1.93,2.42
1,4,1954,0.67,0.71,0.75,0.78,0.83,0.91,0.99,1.23,1.42,1.6,1.77,2.34
1,5,1954,0.6,0.66,0.69,0.73,0.79,0.87,0.96,1.28,1.58,1.84,2.03,2.51
1,6,1954,0.62,0.6,0.62,0.64,0.69,0.77,0.85,1.15,1.41,1.65,1.85,2.43
1,7,1954,0.68,0.71,0.73,0.75,0.79,0.84,0.9,1.16,1.44,1.69,1.89,2.39
1,8,1954,1.11,1,0.96,0.95,0.96,0.99,1.04,1.25,1.49,1.71,1.91,2.46
1,9,1954,0.9,0.92,0.95,0.97,1.03,1.12,1.2,1.46,1.64,1.81,1.98,2.46
1,10,1954,0.85,0.93,0.98,1.02,1.09,1.18,1.26,1.55,1.79,1.98,2.12,2.44
1,11,1954,0.93,0.98,1.02,1.05,1.11,1.18,1.25,1.53,1.79,1.99,2.14,2.5
1,12,1954,0.95,0.98,1.01,1.04,1.1,1.2,1.29,1.61,1.88,2.08,2.21,2.51
1,1,1955,1.1,1.07,1.09,1.13,1.22,1.35,1.47,1.85,2.05,2.19,2.29,2.65
1,2,1955,1.14,1.29,1.38,1.45,1.56,1.7,1.82,2.16,2.32,2.4,2.47,2.71
1,3,1955,1.33,1.35,1.39,1.43,1.52,1.65,1.78,2.13,2.3,2.4,2.47,2.7
1,4,1955,1.5,1.55,1.6,1.65,1.73,1.85,1.95,2.25,2.38,2.46,2.53,2.76
1,5,1955,1.15,1.32,1.43,1.51,1.62,1.76,1.87,2.19,2.35,2.46,2.53,2.73
1,6,1955,1.27,1.43,1.53,1.6,1.71,1.85,1.96,2.29,2.47,2.58,2.66,2.86
1,7,1955,1.67,1.75,1.82,1.87,1.96,2.08,2.19,2.49,2.66,2.76,2.83,2.99
1,8,1955,1.95,2.04,2.1,2.15,2.23,2.33,2.42,2.66,2.78,2.85,2.9,2.96
1,9,1955,2.15,2.14,2.15,2.16,2.19,2.23,2.28,2.46,2.62,2.72,2.79,2.89
1,10,1955,2.05,2.08,2.1,2.13,2.18,2.25,2.31,2.5,2.6,2.66,2.7,2.81
1,11,1955,2.11,2.31,2.41,2.47,2.55,2.63,2.69,2.81,2.83,2.84,2.85,2.89
1,12,1955,2.42,2.49,2.53,2.56,2.61,2.68,2.73,2.84,2.87,2.87,2.88,2.92
1,1,1956,2.28,2.31,2.33,2.35,2.38,2.41,2.45,2.56,2.64,2.69,2.73,2.82
1,2,1956,1.97,2.18,2.28,2.34,2.41,2.49,2.55,2.67,2.71,2.74,2.77,2.84
1,3,1956,2.2,2.26,2.32,2.38,2.48,2.62,2.73,2.98,3.04,3.05,3.06,3.07
1,4,1956,2.63,2.66,2.7,2.74,2.83,2.94,3.04,3.23,3.21,3.16,3.13,3.06
1,5,1956,2.37,2.53,2.62,2.67,2.74,2.81,2.86,2.95,2.96,2.95,2.94,2.89
1,6,1956,2.33,2.4,2.45,2.48,2.55,2.63,2.69,2.85,2.92,2.96,2.97,2.97
1,7,1956,2.08,2.24,2.35,2.44,2.6,2.79,2.94,3.2,3.27,3.28,3.27,3.19
1,8,1956,2.4,2.58,2.69,2.78,2.93,3.1,3.24,3.48,3.54,3.55,3.54,3.41
1,9,1956,2.7,2.84,2.93,3,3.11,3.24,3.34,3.51,3.49,3.45,3.42,3.34
1,10,1956,2.56,2.76,2.89,2.98,3.11,3.24,3.34,3.46,3.49,3.5,3.51,3.47
1,11,1956,2.81,3.01,3.15,3.27,3.45,3.62,3.69,3.74,3.7,3.66,3.63,3.49
1,12,1956,3.08,3.15,3.29,3.43,3.63,3.76,3.8,3.77,3.72,3.71,3.71,3.71
1,1,1957,3.06,3.1,3.14,3.18,3.24,3.26,3.27,3.26,3.24,3.24,3.25,3.21
1,2,1957,2.94,3.19,3.29,3.35,3.42,3.46,3.47,3.45,3.42,3.4,3.39,3.36
1,3,1957,2.89,2.95,3.01,3.07,3.16,3.28,3.36,3.45,3.44,3.43,3.42,3.37
1,4,1957,3.02,3.03,3.07,3.12,3.21,3.34,3.43,3.54,3.56,3.57,3.57,3.53
1,5,1957,3.21,3.26,3.3,3.33,3.38,3.45,3.49,3.57,3.6,3.64,3.68,3.68
1,6,1957,3.08,3.26,3.36,3.44,3.54,3.65,3.71,3.75,3.74,3.77,3.83,3.9
1,7,1957,3.06,3.3,3.42,3.51,3.63,3.74,3.8,3.84,3.84,3.87,3.92,3.88
1,8,1957,3.07,3.4,3.58,3.71,3.9,4.06,4.11,3.99,3.84,3.8,3.82,3.8
1,9,1957,3.23,3.53,3.7,3.81,3.95,4.1,4.19,4.21,4.1,4.02,4,4.01
1,10,1957,3.36,3.54,3.65,3.72,3.83,3.94,4.01,4.05,4.01,3.97,3.95,3.91
1,11,1957,2.64,3.01,3.19,3.28,3.37,3.43,3.46,3.49,3.48,3.45,3.42,3.34
1,12,1957,2.73,2.77,2.79,2.79,2.79,2.78,2.77,2.77,2.79,2.82,2.86,3.06
1,1,1958,1.46,1.44,1.49,1.56,1.72,1.95,2.14,2.54,2.7,2.8,2.89,3.17
1,2,1958,1.14,1.2,1.27,1.34,1.48,1.66,1.81,2.15,2.36,2.52,2.65,3.06
1,3,1958,0.99,1.05,1.11,1.18,1.31,1.49,1.66,2.1,2.32,2.47,2.58,2.92
1,4,1958,1.16,1.16,1.18,1.21,1.27,1.37,1.46,1.8,2.06,2.26,2.41,2.84
1,5,1958,0.25,0.49,0.63,0.74,0.92,1.14,1.32,1.77,2,2.18,2.34,2.92
1,6,1958,0.75,0.72,0.74,0.79,0.92,1.11,1.3,1.9,2.23,2.41,2.55,3.02
1,7,1958,0.7,0.83,0.92,1,1.13,1.31,1.47,2.02,2.45,2.74,2.91,3.2
1,8,1958,1.87,2.2,2.38,2.49,2.65,2.82,2.96,3.36,3.55,3.65,3.7,3.76
1,9,1958,1.95,2.57,2.89,3.04,3.2,3.31,3.36,3.5,3.62,3.71,3.75,3.75
1,10,1958,1.82,2.3,2.53,2.67,2.83,2.98,3.09,3.38,3.54,3.64,3.68,3.71
1,11,1958,1.9,2.58,2.91,3.07,3.23,3.33,3.38,3.48,3.55,3.6,3.63,3.64
1,12,1958,2.42,2.62,2.75,2.84,2.97,3.1,3.19,3.46,3.64,3.75,3.82,3.9
1,1,1959,2.47,2.62,2.76,2.9,3.09,3.27,3.4,3.74,3.9,3.97,4,3.99
1,2,1959,2.38,2.64,2.83,2.97,3.15,3.29,3.38,3.6,3.72,3.77,3.79,3.8
1,3,1959,2.57,2.72,2.89,3.06,3.29,3.48,3.59,3.83,3.92,3.97,3.98,3.97
1,4,1959,2.74,2.8,2.94,3.1,3.32,3.5,3.61,3.88,4.04,4.13,4.18,4.2
1,5,1959,2.75,2.82,3.03,3.28,3.6,3.79,3.86,3.98,4.11,4.18,4.21,4.18
1,6,1959,2.77,2.93,3.16,3.42,3.75,3.91,3.97,4.14,4.33,4.41,4.41,4.23
1,7,1959,2.4,2.75,3.04,3.31,3.79,4.26,4.41,4.34,4.4,4.53,4.58,4.41
1,8,1959,3.48,3.75,3.96,4.13,4.39,4.55,4.56,4.44,4.52,4.63,4.67,4.49
1,9,1959,3.64,3.9,4.22,4.53,4.9,4.99,4.93,4.69,4.7,4.71,4.69,4.47
1,10,1959,3.17,3.79,4.06,4.21,4.42,4.56,4.55,4.36,4.44,4.61,4.69,4.48
1,11,1959,3.53,4.23,4.52,4.68,4.84,4.93,4.95,4.87,4.81,4.77,4.74,4.52
1,12,1959,4.08,4.28,4.56,4.77,4.94,5.01,5.03,4.95,4.88,4.83,4.81,4.7
1,1,1960,3.54,3.82,4.11,4.33,4.56,4.68,4.71,4.69,4.72,4.75,4.76,4.63
1,2,1960,3.81,4.05,4.25,4.35,4.38,4.38,4.4,4.49,4.57,4.61,4.6,4.4
1,3,1960,2.68,2.91,3.1,3.23,3.41,3.55,3.63,3.79,3.91,3.99,4.04,4.07
1,4,1960,2.97,3.02,3.08,3.18,3.53,3.98,4.16,4.25,4.36,4.46,4.49,4.34
1,5,1960,2.6,3.02,3.16,3.24,3.45,3.76,3.93,4.14,4.25,4.31,4.31,4.15
1,6,1960,1.66,1.97,2.2,2.38,2.65,2.95,3.18,3.7,3.89,3.94,3.99,4.21
1,7,1960,1.83,2.02,2.21,2.38,2.6,2.79,2.91,3.17,3.29,3.37,3.47,3.82
1,8,1960,1.97,2.36,2.62,2.78,2.87,2.85,2.88,3.14,3.32,3.45,3.56,3.87
1,9,1960,2.34,2.31,2.53,2.75,2.89,2.83,2.8,3.05,3.3,3.48,3.59,3.81
1,10,1960,1.61,1.93,2.19,2.38,2.61,2.76,2.86,3.14,3.36,3.54,3.66,3.9
1,11,1960,1.79,2.19,2.44,2.59,2.77,2.91,3.01,3.31,3.53,3.7,3.81,4
1,12,1960,2.03,2.16,2.28,2.36,2.44,2.51,2.58,2.87,3.12,3.3,3.44,3.75
1,1,1961,2.04,2.18,2.3,2.4,2.52,2.64,2.76,3.15,3.4,3.55,3.65,3.86
1,2,1961,2.48,2.54,2.62,2.69,2.8,2.9,2.97,3.19,3.34,3.46,3.54,3.73
1,3,1961,2.19,2.32,2.42,2.5,2.64,2.78,2.86,3.05,3.25,3.43,3.56,3.82
1,4,1961,1.93,2.2,2.27,2.3,2.48,2.73,2.85,3.04,3.2,3.35,3.47,3.76
1,5,1961,2.24,2.34,2.4,2.46,2.6,2.79,2.92,3.2,3.37,3.5,3.59,3.83
1,6,1961,2.08,2.24,2.31,2.37,2.54,2.75,2.91,3.29,3.5,3.64,3.73,3.9
1,7,1961,1.74,2.1,2.24,2.32,2.5,2.73,2.88,3.26,3.56,3.76,3.87,4
1,8,1961,2.05,2.24,2.37,2.48,2.71,2.93,3.05,3.37,3.61,3.78,3.87,4.01
1,9,1961,1.99,2.15,2.34,2.5,2.71,2.88,3,3.32,3.53,3.67,3.74,3.87
1,10,1961,1.96,2.15,2.32,2.47,2.67,2.85,2.96,3.25,3.46,3.61,3.71,3.9
1,11,1961,2.28,2.47,2.6,2.68,2.8,2.93,3.03,3.33,3.53,3.68,3.8,4.04
1,12,1961,2.48,2.63,2.75,2.84,2.94,3.06,3.15,3.42,3.59,3.73,3.84,4.09
1,1,1962,2.49,2.66,2.75,2.82,2.95,3.1,3.21,3.52,3.72,3.85,3.95,4.15
1,2,1962,2.49,2.65,2.76,2.84,2.93,3.02,3.09,3.3,3.47,3.62,3.75,4.11
1,3,1962,2.63,2.71,2.83,2.9,2.87,2.85,2.89,3.15,3.35,3.51,3.62,3.91
1,4,1962,2.69,2.73,2.78,2.82,2.87,2.93,3,3.26,3.42,3.54,3.64,3.93
1,5,1962,2.46,2.66,2.72,2.74,2.79,2.88,2.94,3.11,3.32,3.52,3.66,3.94
1,6,1962,2.93,2.92,2.95,2.98,2.99,3,3.04,3.28,3.49,3.66,3.77,3.99
1,7,1962,2.69,2.81,2.9,2.97,3.08,3.19,3.26,3.42,3.6,3.75,3.86,4.07
1,8,1962,2.66,2.77,2.85,2.92,3.02,3.09,3.11,3.15,3.34,3.54,3.68,3.99
1,9,1962,2.69,2.74,2.84,2.91,2.93,2.92,2.93,3.09,3.32,3.53,3.68,3.97
1,10,1962,2.53,2.65,2.75,2.81,2.85,2.85,2.88,3.1,3.33,3.5,3.64,3.97
1,11,1962,2.67,2.86,2.93,2.95,2.97,2.98,3.01,3.17,3.32,3.46,3.59,3.96
1,12,1962,2.94,2.94,2.97,3,3,2.99,3.01,3.22,3.35,3.44,3.53,3.92
1,1,1963,2.93,2.94,2.98,3.02,3.01,2.98,2.99,3.15,3.33,3.5,3.63,3.92
1,2,1963,2.84,2.88,2.94,2.97,2.95,2.92,2.94,3.16,3.38,3.55,3.69,3.99
1,3,1963,2.2,2.55,2.85,3.04,3.12,3.03,2.99,3.15,3.38,3.56,3.7,4.02
1,4,1963,2.85,2.89,2.94,2.99,3.04,3.05,3.08,3.28,3.46,3.6,3.71,4
1,5,1963,2.95,3,3.06,3.1,3.12,3.1,3.12,3.31,3.51,3.65,3.76,4
1,6,1963,2.98,3,3.05,3.1,3.12,3.11,3.13,3.33,3.53,3.69,3.81,4.02
1,7,1963,3.05,3.19,3.29,3.36,3.42,3.44,3.46,3.58,3.7,3.81,3.88,4.01
1,8,1963,3.26,3.38,3.44,3.48,3.53,3.58,3.6,3.63,3.71,3.83,3.92,4.04
1,9,1963,3.44,3.42,3.47,3.52,3.57,3.59,3.59,3.65,3.75,3.86,3.95,4.11
1,10,1963,3.36,3.46,3.54,3.6,3.65,3.66,3.67,3.75,3.85,3.94,4.01,4.19
1,11,1963,3.27,3.46,3.57,3.64,3.7,3.72,3.74,3.79,3.85,3.92,3.98,4.13
1,12,1963,3.51,3.53,3.59,3.64,3.72,3.78,3.81,3.91,3.97,4.03,4.07,4.18
1,1,1964,3.42,3.49,3.55,3.6,3.67,3.73,3.78,3.88,3.94,4,4.05,4.21
1,2,1964,3.53,3.58,3.65,3.72,3.8,3.86,3.9,3.98,4.03,4.07,4.11,4.24
1,3,1964,3.51,3.53,3.6,3.68,3.77,3.85,3.91,4.07,4.14,4.18,4.2,4.26
1,4,1964,3.32,3.43,3.51,3.57,3.66,3.75,3.81,3.97,4.07,4.13,4.17,4.21
1,5,1964,3.29,3.46,3.52,3.55,3.64,3.76,3.83,3.92,3.98,4.03,4.07,4.2
1,6,1964,3.46,3.54,3.55,3.55,3.63,3.72,3.75,3.83,3.92,4,4.06,4.16
1,7,1964,3.32,3.46,3.51,3.54,3.65,3.73,3.74,3.75,3.88,4,4.08,4.21
1,8,1964,3.4,3.51,3.56,3.6,3.69,3.77,3.79,3.84,3.93,4.02,4.08,4.23
1,9,1964,3.53,3.57,3.63,3.69,3.78,3.85,3.87,3.89,3.95,4.01,4.06,4.19
1,10,1964,3.45,3.53,3.62,3.7,3.79,3.85,3.88,3.92,3.97,4.02,4.06,4.17
1,11,1964,3.63,3.81,3.91,3.97,4.08,4.14,4.15,4.13,4.13,4.14,4.15,4.19
1,12,1964,3.56,3.8,3.89,3.94,4,4.02,4,3.99,4.04,4.08,4.12,4.22
1,1,1965,3.85,3.89,3.93,3.97,4.06,4.06,4.03,3.98,4.02,4.06,4.1,4.2
1,2,1965,3.87,4,4.04,4.07,4.13,4.15,4.14,4.09,4.08,4.1,4.13,4.23
1,3,1965,3.82,3.94,3.98,4.01,4.07,4.1,4.09,4.07,4.09,4.12,4.14,4.21
1,4,1965,3.89,3.94,3.99,4.02,4.07,4.08,4.07,4.07,4.1,4.12,4.14,4.2
1,5,1965,3.86,3.93,3.95,3.98,4.03,4.06,4.07,4.07,4.08,4.11,4.14,4.23
1,6,1965,3.79,3.84,3.87,3.89,3.93,3.94,3.93,3.95,4.02,4.07,4.11,4.2
1,7,1965,3.81,3.84,3.89,3.93,3.98,3.99,4,4.06,4.11,4.15,4.17,4.22
1,8,1965,3.81,3.88,3.93,3.99,4.09,4.12,4.11,4.13,4.17,4.2,4.23,4.28
1,9,1965,3.95,4.01,4.11,4.19,4.28,4.33,4.35,4.34,4.33,4.34,4.36,4.41
1,10,1965,3.92,4.02,4.13,4.22,4.29,4.33,4.35,4.38,4.4,4.43,4.45,4.46
1,11,1965,3.93,4.09,4.18,4.25,4.37,4.42,4.44,4.5,4.54,4.55,4.56,4.54
1,12,1965,4.44,4.52,4.57,4.66,4.83,4.92,4.96,5.08,5.1,5.04,4.97,4.7
1,1,1966,4.52,4.61,4.72,4.79,4.84,4.87,4.9,5.04,5.1,5.08,5.02,4.79
1,2,1966,4.5,4.65,4.74,4.82,4.97,5.08,5.13,5.18,5.21,5.25,5.28,5.2
1,3,1966,4.4,4.53,4.61,4.7,4.85,4.94,4.97,5.02,5.01,4.99,4.96,4.83
1,4,1966,4.63,4.69,4.7,4.75,4.87,4.93,4.95,5.04,5.04,5.02,5.02,4.95
1,5,1966,4.5,4.65,4.69,4.75,4.95,5.02,5.06,5.25,5.26,5.18,5.11,4.94
1,6,1966,4.5,4.6,4.62,4.69,4.87,4.95,5.02,5.36,5.39,5.31,5.26,5.11
1,7,1966,4.58,4.78,4.81,4.9,5.09,5.17,5.21,5.41,5.48,5.48,5.46,5.26
1,8,1966,4.79,5.06,5.12,5.28,5.76,5.89,5.95,6.3,6.29,6.14,6.01,5.57
1,9,1966,5.2,5.35,5.48,5.61,5.83,5.92,5.92,5.79,5.68,5.56,5.42,5.07
1,10,1966,4.85,5.19,5.36,5.5,5.7,5.74,5.72,5.61,5.53,5.46,5.38,5.08
1,11,1966,4.62,5.15,5.29,5.32,5.41,5.43,5.48,5.68,5.55,5.41,5.37,5.27
1,12,1966,4.7,4.82,4.94,5.02,5.08,5.05,5.03,5.02,4.99,4.93,4.87,4.72
1,1,1967,4.54,4.61,4.61,4.62,4.64,4.63,4.63,4.68,4.7,4.7,4.69,4.62
1,2,1967,4.37,4.59,4.6,4.61,4.66,4.64,4.68,4.91,4.86,4.79,4.8,4.87
1,3,1967,4.01,4.1,4.16,4.18,4.16,4.14,4.14,4.24,4.3,4.35,4.42,4.6
1,4,1967,3.54,3.74,3.77,3.82,3.93,3.99,4.06,4.44,4.57,4.63,4.72,4.94
1,5,1967,3.35,3.43,3.49,3.61,3.84,3.95,4.04,4.54,4.64,4.62,4.71,4.96
1,6,1967,3.75,3.96,4.05,4.17,4.54,4.93,5.08,5.22,5.25,5.33,5.42,5.44
1,7,1967,3.79,4.04,4.18,4.38,4.78,5.06,5.16,5.14,5.08,5.11,5.2,5.35
1,8,1967,3.93,4.26,4.49,4.67,4.96,5.21,5.32,5.39,5.38,5.4,5.44,5.42
1,9,1967,4.25,4.35,4.59,4.83,5.16,5.36,5.4,5.39,5.4,5.46,5.51,5.52
1,10,1967,4.19,4.45,4.63,4.82,5.22,5.44,5.5,5.61,5.63,5.64,5.68,5.71
1,11,1967,4.28,4.76,5.04,5.23,5.6,5.81,5.75,5.62,5.67,5.73,5.78,5.82
1,12,1967,4.43,4.85,5.16,5.4,5.72,5.9,5.9,5.88,5.89,5.84,5.79,5.77
1,1,1968,4.74,4.84,4.95,5.04,5.17,5.33,5.45,5.58,5.59,5.63,5.68,5.73
1,2,1968,4.79,5.01,5.12,5.21,5.34,5.45,5.51,5.65,5.71,5.72,5.7,5.69
1,3,1968,4.94,5.18,5.28,5.34,5.47,5.6,5.69,5.86,5.92,5.91,5.91,5.97
1,4,1968,5.34,5.51,5.61,5.68,5.8,5.9,5.94,6.02,6.06,6.06,6.03,5.93
1,5,1968,5.57,5.76,5.84,5.92,6.08,6.15,6.17,6.17,6.03,5.93,5.94,5.98
1,6,1968,5.29,5.34,5.42,5.51,5.7,5.87,5.95,5.94,5.87,5.83,5.82,5.75
1,7,1968,5.1,5.19,5.23,5.3,5.44,5.46,5.46,5.5,5.51,5.51,5.52,5.53
1,8,1968,5.05,5.25,5.26,5.29,5.41,5.43,5.41,5.37,5.41,5.47,5.51,5.56
1,9,1968,5.2,5.24,5.28,5.33,5.45,5.44,5.41,5.46,5.47,5.49,5.53,5.65
1,10,1968,5.34,5.46,5.59,5.64,5.67,5.7,5.7,5.63,5.61,5.63,5.65,5.79
1,11,1968,5.07,5.47,5.6,5.67,5.78,5.87,5.86,5.65,5.66,5.7,5.74,5.95
1,12,1968,6.14,6.24,6.31,6.39,6.56,6.63,6.62,6.59,6.55,6.48,6.43,6.42
1,1,1969,5.95,6.1,6.29,6.42,6.51,6.52,6.48,6.39,6.32,6.27,6.24,6.34
1,2,1969,5.89,6.18,6.3,6.39,6.55,6.56,6.51,6.59,6.68,6.57,6.45,6.37
1,3,1969,5.64,6.08,6.12,6.12,6.27,6.34,6.31,6.26,6.27,6.28,6.29,6.42
1,4,1969,6.11,5.97,6.01,6.08,6.15,6.2,6.24,6.36,6.43,6.42,6.39,6.34
1,5,1969,5.97,6.09,6.2,6.31,6.48,6.58,6.6,6.74,6.82,6.73,6.63,6.58
1,6,1969,6.26,6.44,6.49,6.63,7.2,7.66,7.67,7.49,7.35,7.15,6.97,6.59
1,7,1969,6.55,7.05,7.19,7.27,7.47,7.62,7.65,7.55,7.31,7.04,6.84,6.48
1,8,1969,7.05,7.1,7.07,7.12,7.39,7.54,7.53,7.42,7.26,7.09,6.95,6.54
1,9,1969,7.03,7.07,7.19,7.33,7.54,7.72,7.81,7.9,7.8,7.72,7.66,7.2
1,10,1969,6.69,6.93,7.05,7.22,7.52,7.53,7.4,7.2,7.31,7.2,7.04,6.72
1,11,1969,6.89,7.41,7.67,7.85,8.06,8.02,7.84,7.52,7.55,7.42,7.27,7.02
1,12,1969,7.28,8,8.14,8.15,8.27,8.14,7.94,8.07,8.16,7.97,7.78,7.32
1,1,1970,7.62,7.93,8.01,8.05,8.06,7.99,7.96,7.97,7.96,7.95,7.92,7.44
1,2,1970,6.68,6.94,7.01,7.02,6.98,6.9,6.89,7.07,7.18,7.17,7.13,6.81
1,3,1970,6.43,6.39,6.48,6.57,6.59,6.61,6.66,6.85,7,7.09,7.11,6.84
1,4,1970,6.52,6.78,7.03,7.2,7.33,7.44,7.53,7.71,7.79,7.82,7.83,7.71
1,5,1970,6.56,6.82,7.04,7.16,7.21,7.32,7.45,7.73,7.73,7.64,7.59,7.7
1,6,1970,6.12,6.45,6.52,6.58,6.8,7.06,7.22,7.52,7.61,7.63,7.63,7.5
1,7,1970,5.92,6.5,6.43,6.38,6.66,6.86,6.89,7.29,7.45,7.46,7.48,7.6
1,8,1970,6.24,6.33,6.38,6.45,6.67,6.79,6.78,7.15,7.31,7.32,7.35,7.57
1,9,1970,5.56,5.71,6.03,6.32,6.54,6.59,6.6,6.68,6.82,6.97,7.08,7.3
1,10,1970,5.46,5.76,5.96,6.09,6.23,6.3,6.34,6.52,6.71,6.87,6.97,7.2
1,11,1970,4.75,4.97,5.07,5.08,5.05,5.1,5.16,5.39,5.62,5.88,6.08,6.49
1,12,1970,4.57,4.84,4.9,4.92,4.91,4.89,4.99,5.47,5.74,5.89,6,6.34
1,1,1971,4.11,4.15,4.17,4.22,4.25,4.19,4.24,4.73,5.23,5.62,5.87,6.17
1,2,1971,3.25,3.35,3.43,3.5,3.61,3.69,3.75,4.23,4.78,5.2,5.49,6.12
1,3,1971,3.46,3.54,3.64,3.69,3.7,3.74,3.81,4.16,4.52,4.87,5.15,5.72
1,4,1971,3.81,3.97,4.04,4.14,4.33,4.51,4.64,5.2,5.63,5.9,6.05,6.15
1,5,1971,4.2,4.35,4.38,4.4,4.51,4.75,4.97,5.49,5.78,5.97,6.12,6.53
1,6,1971,4.95,5.13,5.12,5.15,5.47,5.83,6.06,6.49,6.66,6.75,6.8,6.83
1,7,1971,5.21,5.33,5.31,5.42,5.82,6.02,6.06,6.5,6.77,6.86,6.91,6.95
1,8,1971,4.46,4.42,4.4,4.47,4.82,5.12,5.27,5.55,5.7,5.83,5.93,6.3
1,9,1971,4.47,4.52,4.65,4.78,4.99,5.17,5.27,5.51,5.7,5.87,5.95,5.97
1,10,1971,4.06,4.29,4.37,4.44,4.48,4.49,4.6,5.06,5.19,5.49,5.76,5.96
1,11,1971,4.06,4.28,4.35,4.39,4.5,4.63,4.75,5.07,5.28,5.6,5.84,5.85
1,12,1971,3.33,3.51,3.7,3.87,4.04,4.11,4.29,4.84,5.04,5.29,5.49,5.97
1,1,1972,3.02,3.28,3.38,3.53,3.78,3.99,4.18,4.84,5.29,5.56,5.76,6.4
1,2,1972,3.25,3.29,3.44,3.6,3.82,4.05,4.24,4.83,5.23,5.49,5.68,6.26
1,3,1972,3.42,3.64,3.93,4.16,4.47,4.78,5,5.52,5.78,5.94,6.04,6.22
1,4,1972,3.29,3.44,3.67,3.86,4.12,4.34,4.5,5.15,5.55,5.72,5.83,6.21
1,5,1972,3.5,3.67,3.81,3.95,4.21,4.43,4.56,5,5.34,5.56,5.73,6.14
1,6,1972,3.68,3.91,4.11,4.31,4.69,5.02,5.17,5.48,5.68,5.83,5.94,6.24
1,7,1972,3.56,3.7,3.86,4.04,4.43,4.74,4.88,5.37,5.72,5.86,5.97,6.4
1,8,1972,4.35,4.42,4.51,4.65,5.02,5.28,5.37,5.67,5.89,6.02,6.13,6.51
1,9,1972,4.48,4.52,4.74,4.98,5.31,5.53,5.63,5.86,5.97,6.01,6.09,6.62
1,10,1972,4.54,4.65,4.82,4.97,5.19,5.36,5.48,5.81,5.98,6.04,6.11,6.45
1,11,1972,4.79,4.83,4.92,5.04,5.26,5.36,5.36,5.67,5.88,5.93,5.99,6.34
1,12,1972,4.93,5.08,5.22,5.34,5.49,5.56,5.59,5.9,6.04,6.07,6.12,6.41
1,1,1973,5.44,5.62,5.77,5.87,5.97,6.02,6.06,6.26,6.35,6.34,6.34,6.45
1,2,1973,5.59,5.73,5.9,6.03,6.16,6.29,6.39,6.61,6.66,6.64,6.62,6.55
1,3,1973,6.08,6.34,6.53,6.7,6.91,6.99,6.96,6.79,6.71,6.68,6.66,6.58
1,4,1973,6.01,6.17,6.39,6.55,6.68,6.73,6.72,6.65,6.62,6.61,6.61,6.57
1,5,1973,6.53,6.86,7.01,7.07,7.11,7.09,7.05,6.8,6.64,6.63,6.66,6.78
1,6,1973,7.45,7.56,7.62,7.69,7.81,7.79,7.59,7.04,6.87,6.79,6.76,6.79
1,7,1973,8.29,8.39,8.36,8.39,8.66,8.77,8.66,8.17,7.88,7.7,7.59,7.34
1,8,1973,8.64,8.71,8.68,8.67,8.74,8.67,8.47,7.71,7.3,7.13,7.06,7.04
1,9,1973,7.13,7.04,7.25,7.5,7.78,7.77,7.58,6.93,6.69,6.62,6.62,6.76
1,10,1973,7.15,7.36,7.41,7.49,7.69,7.35,6.99,6.83,6.93,6.91,6.84,6.89
1,11,1973,7.49,7.43,7.62,7.85,8.07,7.8,7.43,6.73,6.72,6.7,6.67,6.79
1,12,1973,7.29,7.45,7.57,7.64,7.59,7.34,7.11,6.72,6.7,6.67,6.63,6.79
1,1,1974,7.52,7.62,7.66,7.63,7.47,7.23,7.03,6.73,6.75,6.76,6.77,7
1,2,1974,7.58,7.65,7.59,7.56,7.48,7.19,6.99,6.76,6.8,6.83,6.85,7.09
1,3,1974,8.51,8.65,8.64,8.61,8.56,8.45,8.29,7.82,7.7,7.61,7.55,7.49
1,4,1974,8.73,8.9,9.01,9.01,8.99,9.06,8.94,8.28,8.16,8.09,8.03,7.89
1,5,1974,7.66,7.95,8.29,8.46,8.51,8.75,8.73,8.02,7.98,7.95,7.89,7.83
1,6,1974,7.66,7.69,7.76,7.88,8.21,8.62,8.68,8.19,8.27,8.22,8.11,7.84
1,7,1974,7.55,7.74,7.74,7.86,8.26,8.61,8.65,8.42,8.45,8.39,8.28,8.01
1,8,1974,9.21,9.23,9.3,9.43,9.73,9.92,9.74,8.76,8.51,8.44,8.4,8.28
1,9,1974,6.06,6.08,6.32,6.79,7.7,8.24,8.29,7.95,8.01,7.97,7.9,7.89
1,10,1974,7.12,7.71,8.09,8.17,8.02,7.94,7.86,7.72,7.85,7.85,7.8,7.75
1,11,1974,7.45,7.52,7.63,7.73,7.83,7.69,7.51,7.26,7.41,7.49,7.52,7.7
1,12,1974,6.77,7,7.18,7.26,7.23,7.16,7.13,7.18,7.24,7.21,7.17,7.43
1,1,1975,5.53,5.67,5.84,5.94,6.02,6.05,6.15,6.71,6.98,7.13,7.24,7.48
1,2,1975,4.98,5.33,5.55,5.67,5.77,5.85,5.92,6.26,6.59,6.85,7.06,7.49
1,3,1975,5.27,5.48,5.66,5.76,5.86,6.01,6.16,6.7,7,7.22,7.4,7.93
1,4,1975,5.15,5.41,5.6,5.8,6.2,6.58,6.86,7.59,7.79,7.89,7.97,8.13
1,5,1975,4.94,5.14,5.28,5.4,5.6,5.85,6.07,6.84,7.2,7.41,7.56,7.97
1,6,1975,5.67,5.83,6.04,6.18,6.33,6.62,6.85,7.21,7.48,7.63,7.7,7.87
1,7,1975,6,6.13,6.34,6.56,6.9,7.13,7.26,7.65,7.83,7.91,7.94,8.03
1,8,1975,5.98,6.24,6.5,6.74,7.08,7.34,7.46,7.7,7.89,8,8.02,8.09
1,9,1975,6.31,6.47,6.69,6.91,7.23,7.46,7.62,8.03,8.19,8.26,8.28,8.37
1,10,1975,5.36,5.49,5.63,5.74,5.86,6.07,6.29,6.96,7.24,7.41,7.55,7.93
1,11,1975,5.13,5.46,5.68,5.86,6.15,6.38,6.57,7.23,7.49,7.66,7.82,8.22
1,12,1975,5.06,5.16,5.29,5.42,5.63,5.89,6.1,6.68,7.04,7.27,7.42,7.8
1,1,1976,4.53,4.63,4.79,4.92,5.11,5.33,5.56,6.39,6.9,7.23,7.45,7.89
1,2,1976,4.67,4.89,5.1,5.29,5.61,5.9,6.11,6.76,7.09,7.29,7.43,7.8
1,3,1976,4.78,4.89,5.05,5.22,5.5,5.8,6.04,6.65,6.98,7.18,7.33,7.69
1,4,1976,4.7,4.8,4.99,5.17,5.43,5.74,6.01,6.58,6.88,7.11,7.28,7.69
1,5,1976,5.24,5.48,5.62,5.78,6.12,6.4,6.66,7.25,7.46,7.6,7.68,7.89
1,6,1976,5.3,5.37,5.48,5.63,5.93,6.15,6.36,6.92,7.17,7.36,7.49,7.81
1,7,1976,5.1,5.16,5.27,5.41,5.65,5.86,6.08,6.69,6.97,7.2,7.39,7.85
1,8,1976,4.98,5.09,5.17,5.28,5.5,5.66,5.83,6.43,6.67,6.91,7.11,7.66
1,9,1976,5.07,5.09,5.18,5.28,5.47,5.59,5.73,6.27,6.54,6.8,7.01,7.56
1,10,1976,4.75,4.85,4.98,5.08,5.2,5.3,5.46,6.03,6.27,6.5,6.74,7.46
1,11,1976,4.41,4.46,4.51,4.56,4.68,4.78,4.88,5.39,5.66,5.79,6.01,7.09
1,12,1976,4.26,4.34,4.45,4.54,4.63,4.72,4.84,5.35,5.67,5.9,6.12,6.83
1,1,1977,4.57,4.66,4.81,4.95,5.15,5.34,5.55,6.17,6.46,6.72,6.91,7.38
1,2,1977,4.52,4.65,4.79,4.9,5.07,5.3,5.52,6.11,6.46,6.76,6.98,7.45
1,3,1977,4.51,4.55,4.66,4.75,4.91,5.17,5.41,5.97,6.38,6.69,6.91,7.42
1,4,1977,4.44,4.58,4.72,4.85,5.05,5.3,5.51,6.07,6.4,6.7,6.92,7.45
1,5,1977,4.9,5,5.11,5.21,5.37,5.55,5.7,6.13,6.38,6.64,6.84,7.39
1,6,1977,4.96,5.01,5.12,5.23,5.39,5.52,5.64,6.06,6.29,6.53,6.73,7.27
1,7,1977,5.25,5.36,5.48,5.61,5.81,5.97,6.09,6.41,6.63,6.84,6.99,7.38
1,8,1977,5.38,5.49,5.66,5.82,6.03,6.18,6.26,6.47,6.65,6.78,6.89,7.25
1,9,1977,5.74,5.85,6.04,6.19,6.34,6.47,6.57,6.75,6.86,6.97,7.06,7.33
1,10,1977,6.11,6.16,6.37,6.55,6.71,6.88,7.01,7.21,7.29,7.38,7.42,7.55
1,11,1977,5.67,5.97,6.19,6.36,6.58,6.76,6.87,7.07,7.18,7.24,7.28,7.51
1,12,1977,5.82,6.13,6.32,6.46,6.63,6.81,6.92,7.1,7.25,7.37,7.45,7.68
1,1,1978,6.07,6.35,6.53,6.67,6.86,7.03,7.12,7.28,7.42,7.54,7.61,7.82
1,2,1978,6.23,6.42,6.56,6.68,6.92,7.08,7.16,7.44,7.58,7.69,7.76,7.92
1,3,1978,6.56,6.51,6.62,6.76,6.97,7.18,7.32,7.58,7.69,7.79,7.85,8.02
1,4,1978,6.03,6.25,6.51,6.74,7.09,7.37,7.52,7.78,7.83,7.88,7.93,8.1
1,5,1978,6.44,6.6,6.81,7.02,7.36,7.64,7.78,7.96,8.01,8.08,8.13,8.27
1,6,1978,6.61,6.95,7.25,7.48,7.75,8.02,8.2,8.29,8.34,8.32,8.31,8.45
1,7,1978,6.55,6.76,7.01,7.24,7.62,8,8.2,8.26,8.29,8.28,8.29,8.39
1,8,1978,7.88,7.76,7.7,7.73,7.95,8.2,8.3,8.26,8.23,8.21,8.21,8.2
1,9,1978,8,8.15,8.32,8.48,8.66,8.68,8.66,8.45,8.3,8.27,8.29,8.43
1,10,1978,8.66,8.84,8.94,9.09,9.5,9.74,9.66,9.25,9.07,8.93,8.83,8.66
1,11,1978,8.99,9.06,9.17,9.31,9.58,9.79,9.76,9.25,8.86,8.68,8.63,8.62
1,12,1978,8.63,9.25,9.55,9.7,9.86,10.22,10.33,9.79,9.33,9.09,9.01,8.86
1,1,1979,9.51,9.49,9.56,9.63,9.73,9.86,9.8,9.34,8.87,8.68,8.67,8.72
1,2,1979,9.63,9.65,9.67,9.73,9.91,10,9.97,9.58,9.2,9.02,8.98,8.97
1,3,1979,9.59,9.65,9.71,9.76,9.83,9.86,9.77,9.49,9.12,8.93,8.89,8.9
1,4,1979,9.58,9.67,9.78,9.86,9.93,9.99,9.91,9.63,9.24,9.08,9.08,9.12
1,5,1979,9.78,9.78,9.8,9.8,9.78,9.72,9.61,9.27,8.91,8.77,8.76,8.87
1,6,1979,8.98,9.13,9.19,9.23,9.25,9.24,9.11,8.71,8.57,8.5,8.5,8.63
1,7,1979,9.14,9.22,9.4,9.53,9.63,9.64,9.49,9.02,8.82,8.74,8.74,8.82
1,8,1979,10.11,10.1,10.03,10.03,10.19,10.3,10.21,9.56,9.28,9.16,9.1,8.99
1,9,1979,10.22,10.34,10.39,10.44,10.52,10.57,10.48,9.78,9.45,9.3,9.22,9.16
1,10,1979,11.73,12.15,12.49,12.67,12.73,12.68,12.44,11.59,11.23,10.96,10.78,10.31
1,11,1979,11.23,11.69,11.78,11.83,12.03,11.72,11.33,10.8,10.34,10.24,10.21,10.11
1,12,1979,10.27,11.88,12.29,12.35,12.3,11.83,11.41,10.86,10.39,10.12,10.03,10.02
1,1,1980,11.87,12.28,12.36,12.39,12.43,12.05,11.73,11.32,10.9,10.75,10.72,10.9
1,2,1980,13.92,14.26,14.32,14.37,14.73,14.92,14.9,14.46,13.65,13.19,12.91,12.28
1,3,1980,15.07,15.45,15.24,15.19,15.92,15.85,15.28,14.15,13.25,12.71,12.38,12.02
1,4,1980,10.39,10.52,10.68,10.82,11.04,11.07,10.96,10.5,10.38,10.4,10.44,10.71
1,5,1980,7.85,7.76,7.91,8.1,8.36,8.52,8.69,9.02,9.14,9.49,9.7,10.21
1,6,1980,6.67,7.94,8.16,8.11,8.2,8.34,8.43,8.95,9.09,9.26,9.42,10.03
1,7,1980,7.84,8.57,8.8,8.87,8.93,9.01,9.14,9.65,9.77,9.95,10.11,10.7
1,8,1980,9.2,9.86,10.26,10.5,10.71,10.9,11.14,11.26,11.27,11.43,11.48,11.2
1,9,1980,11.2,11.42,11.63,11.79,11.95,11.96,11.89,11.84,11.68,11.62,11.59,11.55
1,10,1980,11.66,12.58,13,13.14,13.27,13.27,13.11,12.69,12.56,12.46,12.36,11.99
1,11,1980,14.39,14.8,14.86,14.77,14.83,14.92,14.45,13.64,13.16,12.87,12.66,12.06
1,12,1980,12.9,14.2,14.76,14.75,14.4,13.84,13.2,12.52,12.27,12.16,12.11,11.94
1,1,1981,14.72,15.06,15.03,14.86,14.54,14.1,13.66,12.8,12.49,12.4,12.36,12.19
1,2,1981,14.2,14.56,14.7,14.68,14.56,14.31,14,13.52,13.46,13.38,13.29,12.91
1,3,1981,13.03,12.94,12.82,12.72,12.65,12.74,12.86,12.81,12.93,13,13.01,12.69
1,4,1981,14.11,14.99,15.2,15.11,14.96,14.87,14.67,14.3,14.12,14,13.9,13.5
1,5,1981,16.21,16.01,15.67,15.31,14.95,14.86,14.69,14.15,13.82,13.54,13.31,12.89
1,6,1981,14.41,14.61,14.65,14.65,14.66,14.57,14.42,14.19,13.93,13.87,13.74,13.29
1,7,1981,14.98,15.27,15.41,15.52,15.8,15.88,15.75,15.33,15.04,14.9,14.66,13.89
1,8,1981,15.64,15.84,16,16.15,16.51,16.64,16.35,16.15,15.6,15.6,15.46,14.61
1,9,1981,13.68,14.38,14.76,15.04,15.65,16.02,15.91,16.11,15.83,15.85,15.7,15.07
1,10,1981,12.97,13.09,13.13,13.21,13.69,14.12,14.1,14.16,14.25,14.35,14.36,14.21
1,11,1981,10.24,10.37,10.57,10.78,11.06,11.31,11.56,12.24,12.53,12.59,12.72,12.95
1,12,1981,9.71,10.79,11.51,11.97,12.55,13.05,13.33,13.51,13.58,13.72,13.77,13.67
1,1,1982,12.14,12.51,12.84,13.11,13.41,13.64,13.81,13.85,13.92,13.94,13.91,13.8
1,2,1982,11.98,12.27,12.72,13.19,13.56,13.55,13.75,13.88,13.83,13.8,13.71,13.58
1,3,1982,13.96,13.67,13.66,13.77,13.87,13.88,13.95,14.11,14.06,13.98,13.94,13.64
1,4,1982,12.32,12.46,12.71,12.94,13.16,13.29,13.46,13.64,13.61,13.48,13.46,13.31
1,5,1982,11.62,11.72,11.86,12.01,12.25,12.55,12.87,13.23,13.37,13.45,13.49,13.3
1,6,1982,11.74,12.57,13.12,13.46,13.81,14.03,14.21,14.32,14.43,14.35,14.27,13.84
1,7,1982,9.15,9.82,10.5,11.08,11.77,12.26,12.65,12.93,13.31,13.34,13.35,13.28
1,8,1982,7.51,7.78,8.33,8.96,9.84,10.56,11.17,11.89,12.26,12.34,12.47,12.44
1,9,1982,6.94,7.24,7.77,8.39,9.23,9.82,10.37,11.21,11.56,11.61,11.65,11.74
1,10,1982,7.72,7.83,8.11,8.41,8.74,8.97,9.45,10.01,10.52,10.6,10.75,10.87
1,11,1982,7.87,8.11,8.39,8.65,8.87,8.95,9.32,9.84,10.33,10.52,10.71,10.97
1,12,1982,8.07,8.11,8.17,8.25,8.34,8.46,8.79,9.45,9.92,10.17,10.33,10.59
1,1,1983,8.07,8.15,8.26,8.38,8.52,8.67,8.96,9.6,10.09,10.32,10.55,11.04
1,2,1983,7.91,7.96,8.06,8.17,8.24,8.29,8.61,9.2,9.7,9.78,9.86,10.36
1,3,1983,8.56,8.72,8.86,8.95,9.02,9.06,9.25,9.73,10.01,10.18,10.31,10.64
1,4,1983,8.1,8.19,8.28,8.35,8.41,8.49,8.72,9.23,9.63,9.81,9.97,10.32
1,5,1983,8.56,8.71,8.83,8.93,9.05,9.16,9.32,9.89,10.18,10.36,10.52,10.86
1,6,1983,8.57,8.81,8.98,9.09,9.24,9.39,9.58,10.13,10.4,10.57,10.69,11
1,7,1983,8.96,9.22,9.43,9.6,9.81,10.04,10.35,10.98,11.16,11.35,11.53,11.78
1,8,1983,9.01,9.25,9.46,9.65,9.91,10.13,10.36,11.01,11.35,11.56,11.7,11.79
1,9,1983,8.78,8.83,8.92,9.04,9.24,9.48,9.7,10.36,10.66,10.92,11.13,11.38
1,10,1983,8.49,8.58,8.72,8.87,9.12,9.38,9.62,10.38,10.83,11.11,11.29,11.64
1,11,1983,8.58,8.88,9.07,9.19,9.37,9.58,9.71,10.44,10.77,11.09,11.26,11.47
1,12,1983,8.63,8.97,9.2,9.33,9.5,9.71,9.89,10.63,10.93,11.25,11.43,11.66
1,1,1984,8.94,9.02,9.1,9.18,9.32,9.49,9.63,10.39,10.69,11.03,11.2,11.53
1,2,1984,8.86,9.17,9.37,9.51,9.68,9.85,9.99,10.78,11.05,11.43,11.61,11.86
1,3,1984,9.5,9.76,9.97,10.12,10.27,10.39,10.61,11.3,11.58,11.91,12.07,12.31
1,4,1984,9.49,9.73,9.96,10.15,10.34,10.53,10.81,11.56,11.89,12.17,12.34,12.6
1,5,1984,9.56,9.69,10.04,10.46,11.01,11.43,11.93,12.69,13.29,13.32,13.44,13.62
1,6,1984,9.39,9.84,10.18,10.47,10.98,11.6,11.99,12.85,13.09,13.31,13.4,13.51
1,7,1984,10.03,10.33,10.57,10.76,11.03,11.33,11.63,12.29,12.34,12.44,12.52,12.65
1,8,1984,10.74,10.76,10.82,10.92,11.13,11.41,11.67,12.21,12.28,12.41,12.5,12.47
1,9,1984,10.44,10.44,10.5,10.6,10.76,10.94,11.17,11.77,11.96,12.14,12.21,12.15
1,10,1984,8.57,8.96,9.25,9.44,9.65,9.83,10.15,10.89,11.13,11.28,11.39,11.55
1,11,1984,8,8.38,8.62,8.77,8.99,9.29,9.53,10.31,10.7,10.96,11.23,11.43
1,12,1984,7.23,7.84,8.13,8.19,8.37,8.82,9.13,9.93,10.44,10.76,11.11,11.46
1,1,1985,7.73,8.03,8.2,8.28,8.44,8.73,8.98,9.76,10.22,10.53,10.78,11.12
1,2,1985,7.67,8.32,8.71,8.92,9.13,9.36,9.65,10.46,10.93,11.24,11.5,11.86
1,3,1985,8.04,8.32,8.51,8.66,8.87,9.14,9.42,10.3,10.68,11.03,11.28,11.59
1,4,1985,7.52,7.76,7.98,8.16,8.39,8.62,8.95,9.79,10.28,10.6,10.9,11.4
1,5,1985,7,7.21,7.32,7.39,7.48,7.67,8.01,8.84,9.31,9.58,9.86,10.33
1,6,1985,6.72,6.9,7.03,7.13,7.25,7.45,7.75,8.64,9.16,9.56,9.85,10.29
1,7,1985,7.06,7.25,7.4,7.51,7.66,7.84,8.09,8.98,9.51,9.91,10.17,10.65
1,8,1985,7.24,7.21,7.27,7.37,7.55,7.73,7.98,8.8,9.33,9.56,9.86,10.38
1,9,1985,7.11,7.19,7.26,7.31,7.44,7.7,8.02,8.74,9.26,9.54,9.85,10.46
1,10,1985,7.17,7.3,7.35,7.39,7.51,7.68,7.82,8.58,9,9.22,9.53,10.08
1,11,1985,6.59,7.16,7.38,7.4,7.46,7.65,7.75,8.32,8.65,8.97,9.24,9.59
1,12,1985,6.24,6.9,7.17,7.23,7.3,7.42,7.5,7.88,8.22,8.39,8.56,9.02
1,1,1986,6.81,7.06,7.16,7.19,7.27,7.4,7.48,7.92,8.19,8.46,8.66,9.28
1,2,1986,6.89,7.12,7.2,7.2,7.22,7.29,7.33,7.65,7.76,7.9,8.02,8.12
1,3,1986,6.58,6.49,6.46,6.47,6.47,6.56,6.72,6.92,7.06,7.24,7.32,7.43
1,4,1986,5.98,6.1,6.18,6.23,6.3,6.39,6.49,6.91,7.07,7.22,7.32,7.48
1,5,1986,6.23,6.34,6.43,6.5,6.6,6.71,6.87,7.39,7.76,7.98,8.02,8.21
1,6,1986,6.01,6.06,6.11,6.15,6.17,6.24,6.41,6.86,7.15,7.3,7.37,7.49
1,7,1986,5.5,5.77,5.88,5.92,5.94,6.03,6.18,6.62,6.89,7.1,7.22,7.64
1,8,1986,4.86,5.15,5.24,5.23,5.26,5.4,5.49,5.99,6.25,6.51,6.65,7.35
1,9,1986,5.2,5.26,5.32,5.38,5.53,5.7,5.82,6.44,6.79,7.07,7.25,7.86
1,10,1986,5.03,5.24,5.3,5.32,5.41,5.57,5.7,6.2,6.51,6.76,6.93,7.64
1,11,1986,5.24,5.37,5.46,5.51,5.56,5.61,5.7,6.13,6.4,6.6,6.74,7.28
1,12,1986,5,5.57,5.8,5.81,5.77,5.82,5.95,6.37,6.7,6.7,6.81,7.33
1,1,1987,5.51,5.67,5.71,5.7,5.74,5.84,5.88,6.25,6.46,6.63,6.79,7.35
1,2,1987,5.49,5.53,5.55,5.58,5.65,5.78,5.89,6.29,6.48,6.64,6.76,7.27
1,3,1987,5.2,5.46,5.63,5.74,5.86,5.97,6.11,6.52,6.72,6.89,7.01,7.6
1,4,1987,4.98,5.28,5.55,5.78,6.1,6.4,6.64,7.21,7.5,7.71,7.86,8.36
1,5,1987,5.6,5.63,5.79,5.99,6.28,6.53,6.91,7.63,7.88,8.02,8.09,8.48
1,6,1987,5.4,5.6,5.78,5.94,6.15,6.38,6.72,7.37,7.69,7.86,7.96,8.4
1,7,1987,5.55,5.87,6.07,6.21,6.45,6.76,6.93,7.44,7.84,8.02,8.16,8.75
1,8,1987,5.81,6.14,6.32,6.43,6.66,6.99,7.23,7.77,8.15,8.3,8.43,9.06
1,9,1987,6.48,6.57,6.74,6.94,7.23,7.55,7.84,8.45,8.85,8.98,9.08,9.65
1,10,1987,4.36,4.97,5.39,5.69,6.18,6.65,6.91,7.63,8.08,8.25,8.41,8.98
1,11,1987,3.8,4.76,5.43,5.87,6.36,6.73,7.03,7.64,8.05,8.26,8.44,9.07
1,12,1987,3.88,5.13,5.81,6.09,6.43,6.85,7.16,7.7,7.99,8.18,8.37,8.94
1,1,1988,4.93,5.53,5.83,5.95,6.16,6.51,6.69,7.14,7.38,7.55,7.74,8.32
1,2,1988,5.27,5.56,5.72,5.82,6.04,6.37,6.58,7.03,7.26,7.42,7.6,8.26
1,3,1988,5.73,5.79,5.87,5.96,6.24,6.61,6.81,7.3,7.61,7.82,8.03,8.66
1,4,1988,5.77,5.94,6.09,6.24,6.53,6.88,7.07,7.64,7.91,8.11,8.3,8.95
1,5,1988,6.08,6.41,6.63,6.79,7.07,7.38,7.58,8.08,8.3,8.48,8.63,9.2
1,6,1988,6.13,6.52,6.71,6.78,6.95,7.25,7.44,7.89,8.06,8.19,8.32,8.82
1,7,1988,6.52,6.85,7.04,7.15,7.34,7.6,7.8,8.27,8.39,8.5,8.63,9.13
1,8,1988,7.54,7.33,7.37,7.54,7.81,8.02,8.19,8.56,8.65,8.75,8.83,9.17
1,9,1988,7.07,7.29,7.45,7.56,7.74,7.92,8.03,8.28,8.34,8.42,8.5,8.82
1,10,1988,6.96,7.32,7.5,7.59,7.72,7.85,7.92,8.08,8.1,8.18,8.26,8.59
1,11,1988,7.08,7.72,8.01,8.12,8.24,8.4,8.49,8.66,8.67,8.74,8.76,8.94
1,12,1988,7.2,7.92,8.28,8.39,8.55,8.79,8.87,8.95,8.95,8.99,8.99,8.96
1,1,1989,8.07,8.35,8.51,8.59,8.69,8.79,8.88,8.93,8.9,8.94,8.9,8.79
1,2,1989,8.08,8.66,8.89,8.92,8.96,9.15,9.28,9.32,9.27,9.27,9.23,9.06
1,3,1989,9.04,8.99,9.05,9.16,9.28,9.36,9.49,9.45,9.42,9.39,9.28,9
1,4,1989,8.63,8.61,8.65,8.71,8.81,8.92,9.04,9.08,9.02,8.99,8.95,8.85
1,5,1989,8.52,8.72,8.77,8.74,8.67,8.66,8.75,8.61,8.61,8.6,8.56,8.47
1,6,1989,8.25,8.2,8.16,8.12,8.04,7.99,8.05,7.9,7.93,7.96,7.96,8.02
1,7,1989,7.93,7.97,7.9,7.8,7.64,7.57,7.63,7.37,7.46,7.45,7.48,7.79
1,8,1989,7.5,8,8.13,8.09,8.05,8.19,8.24,8.2,8.24,8.21,8.17,8.16
1,9,1989,7.59,8.01,8.14,8.12,8.18,8.37,8.35,8.25,8.32,8.28,8.24,8.19
1,10,1989,7.84,7.95,7.94,7.87,7.79,7.79,7.8,7.72,7.79,7.76,7.77,7.87
1,11,1989,7.94,7.8,7.75,7.73,7.66,7.54,7.61,7.57,7.68,7.67,7.69,7.82
1,12,1989,6.65,7.51,7.79,7.78,7.7,7.7,7.74,7.73,7.82,7.75,7.79,7.92
1,1,1990,7.63,7.84,7.9,7.89,7.93,8.02,8,8.16,8.2,8.24,8.25,8.36
1,2,1990,7.74,7.92,7.98,7.96,7.95,7.99,8.01,8.27,8.31,8.36,8.39,8.46
1,3,1990,8.08,7.99,7.98,8.02,8.07,8.11,8.22,8.5,8.52,8.55,8.55,8.55
1,4,1990,7.67,7.84,7.99,8.1,8.21,8.31,8.47,8.81,8.86,8.89,8.91,8.92
1,5,1990,7.65,7.84,7.94,7.97,7.97,7.98,8.09,8.33,8.39,8.45,8.48,8.51
1,6,1990,7.61,7.85,7.93,7.92,7.88,7.88,7.96,8.11,8.18,8.23,8.28,8.36
1,7,1990,7.6,7.63,7.64,7.62,7.57,7.56,7.64,7.8,7.89,7.97,8.05,8.31
1,8,1990,7.54,7.51,7.53,7.56,7.58,7.6,7.74,8.01,8.16,8.33,8.47,8.83
1,9,1990,6.96,7.25,7.37,7.38,7.42,7.54,7.66,7.91,8.07,8.25,8.41,8.79
1,10,1990,6.71,7.18,7.3,7.27,7.26,7.33,7.35,7.64,7.85,8.02,8.18,8.65
1,11,1990,6.66,7.01,7.18,7.24,7.25,7.23,7.27,7.5,7.62,7.79,7.87,8.32
1,12,1990,5.87,6.41,6.62,6.64,6.64,6.72,6.84,7.12,7.33,7.51,7.65,8.1
1,1,1991,5.95,6.21,6.31,6.33,6.35,6.42,6.53,6.98,7.2,7.42,7.6,8.07
1,2,1991,5.68,6,6.18,6.23,6.19,6.24,6.43,6.95,7.19,7.43,7.62,8.07
1,3,1991,5.9,5.93,5.96,5.98,6.03,6.14,6.31,6.98,7.25,7.53,7.72,8.09
1,4,1991,5.46,5.54,5.62,5.68,5.76,5.88,6.09,6.8,7.1,7.42,7.64,8.08
1,5,1991,5.48,5.57,5.66,5.73,5.83,5.97,6.13,6.78,7.07,7.44,7.67,8.14
1,6,1991,5.48,5.57,5.66,5.74,5.89,6.09,6.29,6.88,7.3,7.67,7.88,8.31
1,7,1991,5.65,5.68,5.71,5.75,5.83,5.98,6.16,6.75,7.13,7.51,7.74,8.24
1,8,1991,5.32,5.4,5.46,5.5,5.54,5.59,5.71,6.28,6.67,7.09,7.33,7.94
1,9,1991,5.09,5.17,5.22,5.26,5.27,5.29,5.42,5.98,6.34,6.73,6.97,7.62
1,10,1991,4.84,4.9,4.93,4.95,4.96,4.97,5.08,5.68,6.08,6.52,6.81,7.66
1,11,1991,4.27,4.36,4.42,4.47,4.51,4.56,4.69,5.36,5.85,6.34,6.63,7.64
1,12,1991,3.95,3.93,3.91,3.91,3.93,4.01,4.15,4.77,5.28,5.79,6.11,7.02
1,1,1992,3.71,3.8,3.87,3.92,3.99,4.09,4.29,5.12,5.75,6.28,6.61,7.57
1,2,1992,3.8,3.88,3.95,4,4.06,4.16,4.38,5.24,5.86,6.39,6.72,7.52
1,3,1992,3.98,4.07,4.14,4.2,4.27,4.39,4.61,5.6,6.3,6.75,7.03,7.74
1,4,1992,3.57,3.66,3.75,3.82,3.94,4.12,4.35,5.4,6.11,6.62,6.96,7.83
1,5,1992,3.64,3.71,3.77,3.82,3.91,4.04,4.22,5.15,5.81,6.31,6.64,7.6
1,6,1992,3.51,3.58,3.65,3.7,3.77,3.87,4.03,4.82,5.47,5.99,6.36,7.43
1,7,1992,3.16,3.21,3.25,3.29,3.36,3.46,3.63,4.39,5.02,5.54,5.95,7.01
1,8,1992,3.1,3.17,3.23,3.26,3.3,3.35,3.46,4.14,4.77,5.33,5.76,6.98
1,9,1992,2.66,2.73,2.78,2.82,2.88,2.95,3.09,3.82,4.43,5.01,5.45,6.79
1,10,1992,2.76,2.91,3.02,3.11,3.23,3.37,3.58,4.44,5.1,5.65,6,7.16
1,11,1992,3.15,3.24,3.32,3.38,3.49,3.66,3.88,4.81,5.46,6,6.34,7.22
1,12,1992,2.93,3.04,3.13,3.21,3.31,3.45,3.65,4.54,5.21,5.76,6.16,6.97
1,1,1993,2.72,2.82,2.91,2.98,3.08,3.23,3.41,4.19,4.8,5.26,5.65,6.69
1,2,1993,2.74,2.84,2.92,2.98,3.06,3.17,3.31,3.92,4.43,4.94,5.3,6.36
1,3,1993,2.84,2.91,2.96,3.01,3.09,3.2,3.34,3.93,4.48,4.97,5.32,6.37
1,4,1993,2.83,2.89,2.95,2.99,3.04,3.12,3.24,3.78,4.35,4.84,5.24,6.36
1,5,1993,2.95,3.05,3.13,3.2,3.3,3.44,3.6,4.18,4.66,5.08,5.39,6.42
1,6,1993,2.94,3.02,3.1,3.15,3.23,3.31,3.44,3.98,4.44,4.79,5.09,5.99
1,7,1993,2.99,3.06,3.11,3.16,3.24,3.36,3.52,4.1,4.53,4.89,5.18,5.99
1,8,1993,2.98,3.03,3.07,3.11,3.17,3.25,3.37,3.82,4.2,4.52,4.81,5.67
1,9,1993,2.86,2.93,2.99,3.04,3.12,3.22,3.37,3.84,4.26,4.56,4.81,5.62
1,10,1993,2.9,3,3.08,3.15,3.23,3.32,3.45,3.96,4.31,4.61,4.86,5.63
1,11,1993,3.09,3.13,3.17,3.21,3.31,3.47,3.63,4.19,4.55,4.92,5.19,6.02
1,12,1993,2.91,2.99,3.06,3.13,3.26,3.44,3.62,4.21,4.57,4.96,5.23,6.02
1,1,1994,2.75,2.86,2.96,3.05,3.18,3.35,3.5,4.08,4.43,4.77,5.02,5.82
1,2,1994,2.93,3.13,3.31,3.45,3.63,3.82,4.01,4.65,5.02,5.37,5.6,6.34
1,3,1994,3.37,3.49,3.61,3.72,3.94,4.23,4.49,5.19,5.66,6.01,6.24,6.93
1,4,1994,3.54,3.75,3.94,4.11,4.4,4.75,5.01,5.71,6.12,6.43,6.6,7.16
1,5,1994,3.65,3.99,4.28,4.5,4.8,5.09,5.31,5.95,6.32,6.56,6.72,7.24
1,6,1994,3.68,4.01,4.29,4.52,4.85,5.18,5.43,6.11,6.46,6.74,6.9,7.42
1,7,1994,4.04,4.23,4.41,4.56,4.8,5.09,5.33,5.94,6.26,6.5,6.66,7.19
1,8,1994,4.41,4.53,4.65,4.77,4.98,5.25,5.48,6.06,6.36,6.59,6.74,7.25
1,9,1994,4.38,4.62,4.84,5.02,5.32,5.64,5.89,6.51,6.84,7.07,7.21,7.66
1,10,1994,4.56,4.86,5.11,5.31,5.58,5.83,6.06,6.71,7.04,7.27,7.4,7.82
1,11,1994,5.24,5.42,5.6,5.76,6.07,6.45,6.76,7.28,7.53,7.62,7.68,7.85
1,12,1994,4.81,5.26,5.66,5.98,6.43,6.86,7.14,7.56,7.68,7.72,7.69,7.74
1,1,1995,5.18,5.51,5.79,6.01,6.28,6.53,6.73,7.13,7.3,7.41,7.43,7.54
1,2,1995,5.21,5.47,5.68,5.84,6.03,6.19,6.33,6.67,6.81,6.94,6.99,7.19
1,3,1995,5.77,5.84,5.9,5.96,6.09,6.25,6.39,6.69,6.83,6.93,6.99,7.2
1,4,1995,5.65,5.73,5.81,5.88,5.98,6.11,6.22,6.49,6.63,6.73,6.79,7.07
1,5,1995,5.68,5.73,5.77,5.79,5.78,5.74,5.73,5.77,5.88,5.96,5.99,6.34
1,6,1995,5.47,5.53,5.57,5.59,5.59,5.57,5.6,5.74,5.81,5.91,5.91,6.26
1,7,1995,5.61,5.59,5.58,5.56,5.55,5.55,5.6,5.81,5.96,6.09,6.12,6.5
1,8,1995,5.37,5.41,5.44,5.46,5.5,5.54,5.59,5.76,5.87,5.98,6.01,6.34
1,9,1995,5.33,5.38,5.42,5.45,5.49,5.53,5.6,5.78,5.84,5.92,5.96,6.22
1,10,1995,5.32,5.39,5.44,5.46,5.47,5.45,5.46,5.55,5.64,5.74,5.76,6.04
1,11,1995,5.52,5.46,5.41,5.37,5.33,5.31,5.31,5.31,5.37,5.45,5.48,5.8
1,12,1995,4.83,4.94,5.02,5.08,5.12,5.13,5.12,5.13,5.2,5.3,5.34,5.62
1,1,1996,4.86,4.91,4.93,4.94,4.91,4.85,4.84,4.9,5,5.16,5.24,5.66
1,2,1996,4.9,4.89,4.9,4.91,4.97,5.08,5.17,5.35,5.49,5.63,5.7,6.21
1,3,1996,5.17,5.16,5.15,5.15,5.19,5.28,5.4,5.72,5.87,6,6.05,6.43
1,4,1996,4.92,5,5.08,5.14,5.24,5.38,5.54,5.96,6.15,6.28,6.35,6.71
1,5,1996,5.03,5.1,5.17,5.24,5.35,5.5,5.68,6.14,6.36,6.51,6.57,6.85
1,6,1996,4.96,5.08,5.18,5.25,5.35,5.47,5.63,6.04,6.25,6.35,6.4,6.71
1,7,1996,5.2,5.26,5.31,5.36,5.47,5.62,5.77,6.11,6.32,6.43,6.49,6.76
1,8,1996,5.13,5.2,5.26,5.32,5.44,5.61,5.8,6.24,6.46,6.59,6.65,6.93
1,9,1996,4.94,5.01,5.08,5.15,5.27,5.45,5.63,6.01,6.21,6.33,6.4,6.7
1,10,1996,5.09,5.11,5.13,5.15,5.19,5.26,5.37,5.65,5.83,5.96,6.01,6.34
1,11,1996,5.03,5.04,5.06,5.07,5.12,5.2,5.3,5.51,5.62,5.71,5.77,6.05
1,12,1996,5.06,5.05,5.07,5.09,5.19,5.35,5.5,5.8,5.97,6.09,6.14,6.41
1,1,1997,4.73,4.87,4.99,5.08,5.2,5.33,5.47,5.83,6,6.13,6.19,6.49
1,2,1997,4.87,4.96,5.04,5.11,5.24,5.42,5.58,6,6.15,6.28,6.33,6.56
1,3,1997,5.26,5.3,5.34,5.39,5.53,5.75,5.95,6.34,6.51,6.63,6.69,6.89
1,4,1997,4.86,5.06,5.23,5.36,5.53,5.69,5.82,6.18,6.34,6.45,6.51,6.71
1,5,1997,4.57,4.83,5.06,5.22,5.42,5.6,5.75,6.1,6.26,6.39,6.43,6.63
1,6,1997,5.14,5.16,5.18,5.21,5.29,5.44,5.62,5.99,6.15,6.27,6.31,6.5
1,7,1997,5.36,5.27,5.2,5.17,5.18,5.29,5.42,5.64,5.72,5.8,5.84,6.02
1,8,1997,5.05,5.13,5.19,5.24,5.31,5.41,5.55,5.88,6.02,6.12,6.17,6.36
1,9,1997,4.8,4.91,4.99,5.06,5.15,5.28,5.44,5.71,5.81,5.91,5.94,6.12
1,10,1997,5.02,5.1,5.16,5.19,5.22,5.24,5.34,5.56,5.64,5.67,5.72,5.9
1,11,1997,5.13,5.16,5.19,5.22,5.29,5.39,5.52,5.72,5.76,5.79,5.82,5.89
1,12,1997,5.19,5.21,5.24,5.26,5.32,5.4,5.48,5.59,5.62,5.64,5.67,5.76
1,1,1998,4.82,4.94,5.04,5.11,5.17,5.18,5.2,5.27,5.29,5.34,5.35,5.54
1,2,1998,4.98,5.05,5.12,5.16,5.23,5.29,5.35,5.49,5.49,5.56,5.55,5.65
1,3,1998,5.19,5.16,5.15,5.15,5.2,5.3,5.4,5.51,5.55,5.57,5.61,5.72
1,4,1998,4.72,4.87,5,5.1,5.2,5.28,5.37,5.51,5.56,5.58,5.63,5.74
1,5,1998,4.58,4.84,5.04,5.18,5.29,5.32,5.38,5.47,5.51,5.54,5.55,5.62
1,6,1998,4.87,4.98,5.06,5.13,5.21,5.28,5.36,5.42,5.46,5.46,5.45,5.47
1,7,1998,5,5.05,5.09,5.13,5.2,5.28,5.36,5.43,5.46,5.49,5.48,5.5
1,8,1998,4.81,4.85,4.89,4.91,4.92,4.91,4.91,4.82,4.87,4.88,4.83,5.12
1,9,1998,4.02,4.15,4.26,4.34,4.41,4.44,4.45,4.28,4.35,4.3,4.29,4.58
1,10,1998,3.92,4.13,4.28,4.36,4.34,4.2,4.18,4.19,4.34,4.36,4.4,4.81
1,11,1998,4.33,4.39,4.43,4.46,4.48,4.48,4.52,4.5,4.59,4.62,4.63,4.85
1,12,1998,4.47,4.43,4.41,4.4,4.43,4.51,4.57,4.55,4.63,4.65,4.67,4.85
1,1,1999,4.2,4.27,4.34,4.38,4.42,4.45,4.5,4.55,4.61,4.61,4.65,4.84
1,2,1999,4.38,4.45,4.51,4.56,4.63,4.74,4.87,5.1,5.23,5.28,5.33,5.46
1,3,1999,4.56,4.52,4.5,4.49,4.51,4.6,4.73,4.95,5.09,5.17,5.25,5.49
1,4,1999,4.43,4.49,4.53,4.56,4.59,4.63,4.75,5.03,5.16,5.23,5.29,5.52
1,5,1999,4.38,4.54,4.66,4.74,4.79,4.81,4.95,5.36,5.55,5.62,5.7,5.79
1,6,1999,4.37,4.57,4.72,4.81,4.85,4.86,5,5.44,5.59,5.66,5.76,5.93
1,7,1999,4.67,4.72,4.76,4.79,4.82,4.9,5.09,5.57,5.73,5.83,5.93,6.08
1,8,1999,4.55,4.75,4.9,4.99,5.06,5.12,5.28,5.66,5.82,5.9,6.02,6.13
1,9,1999,4.5,4.62,4.72,4.8,4.89,5.01,5.21,5.56,5.69,5.78,5.91,6.07
1,10,1999,4.43,4.73,4.95,5.1,5.21,5.25,5.39,5.74,5.86,5.96,6.05,6.15
1,11,1999,4.94,5.1,5.23,5.33,5.44,5.56,5.71,5.94,6.01,6.09,6.18,6.29
1,12,1999,5.11,5.21,5.32,5.42,5.62,5.87,6.01,6.17,6.25,6.34,6.42,6.51
1,1,2000,5.23,5.41,5.57,5.69,5.86,6.05,6.25,6.53,6.58,6.61,6.66,6.6
1,2,2000,5.35,5.5,5.64,5.74,5.91,6.09,6.22,6.47,6.5,6.57,6.59,6.45
1,3,2000,5.77,5.82,5.87,5.93,6.06,6.22,6.31,6.42,6.32,6.31,6.27,6.06
1,4,2000,5.34,5.59,5.79,5.94,6.07,6.17,6.31,6.6,6.5,6.51,6.47,6.22
1,5,2000,4.66,5.2,5.63,5.92,6.21,6.35,6.42,6.65,6.53,6.52,6.48,6.25
1,6,2000,5.6,5.78,5.91,6,6.07,6.09,6.15,6.35,6.23,6.21,6.17,6.06
1,7,2000,6.13,6.17,6.2,6.22,6.23,6.24,6.26,6.25,6.22,6.18,6.12,6.01
1,8,2000,6.27,6.28,6.29,6.29,6.27,6.23,6.2,6.11,5.99,5.96,5.94,5.77
1,9,2000,6,6.09,6.15,6.18,6.17,6.11,6.07,5.93,5.84,5.83,5.82,5.88
1,10,2000,6.29,6.29,6.29,6.27,6.22,6.15,6.11,5.87,5.8,5.78,5.75,5.79
1,11,2000,6.2,6.16,6.12,6.08,6.03,5.96,5.89,5.59,5.51,5.47,5.43,5.49
1,12,2000,5.92,5.83,5.75,5.69,5.58,5.47,5.37,5.11,5.08,5.05,5.02,5.23
1,1,2001,4.64,4.74,4.79,4.8,4.72,4.58,4.54,4.61,4.73,4.8,4.85,5.24
1,2,2001,4.88,4.78,4.7,4.64,4.58,4.52,4.49,4.44,4.56,4.66,4.72,5.06
1,3,2001,4.52,4.39,4.28,4.21,4.13,4.1,4.11,4.23,4.41,4.54,4.64,5.12
1,4,2001,3.68,3.78,3.85,3.89,3.91,3.91,3.98,4.31,4.64,4.84,4.96,5.52
1,5,2001,3.46,3.53,3.58,3.59,3.58,3.58,3.72,4.22,4.62,4.85,4.99,5.55
1,6,2001,3.47,3.55,3.61,3.63,3.62,3.65,3.83,4.27,4.68,4.89,5.03,5.58
1,7,2001,3.72,3.61,3.53,3.48,3.43,3.44,3.5,3.83,4.23,4.46,4.62,5.23
1,8,2001,3.41,3.37,3.34,3.32,3.27,3.27,3.34,3.65,4.05,4.31,4.47,5.04
1,9,2001,2.37,2.37,2.37,2.37,2.36,2.41,2.53,2.87,3.39,3.76,4.01,4.88
1,10,2001,2.11,2.07,2.03,1.99,1.91,1.88,1.97,2.41,2.95,3.37,3.66,4.51
1,11,2001,1.77,1.76,1.76,1.76,1.77,1.88,2.08,2.87,3.5,3.91,4.19,5.06
1,12,2001,1.72,1.7,1.7,1.71,1.78,1.91,2.08,3.08,3.82,4.22,4.49,5.34
1,1,2002,1.59,1.65,1.71,1.77,1.87,2.06,2.27,3.15,3.82,4.24,4.51,5.28
1,2,2002,1.66,1.67,1.7,1.74,1.84,2,2.18,3.05,3.64,4.07,4.36,5.14
1,3,2002,1.75,1.75,1.79,1.87,2.12,2.46,2.72,3.71,4.33,4.73,4.98,5.65
1,4,2002,1.75,1.75,1.76,1.79,1.88,2.05,2.25,3.24,3.87,4.3,4.58,5.31
1,5,2002,1.69,1.7,1.72,1.76,1.88,2.08,2.28,3.2,3.73,4.13,4.42,5.27
1,6,2002,1.66,1.68,1.69,1.7,1.74,1.84,2.02,2.87,3.46,3.85,4.13,5.12
1,7,2002,1.74,1.71,1.69,1.68,1.69,1.66,1.67,2.23,2.82,3.26,3.61,4.79
1,8,2002,1.66,1.66,1.66,1.66,1.65,1.66,1.73,2.09,2.56,2.98,3.29,4.42
1,9,2002,1.55,1.56,1.56,1.54,1.48,1.42,1.45,1.69,2.04,2.4,2.69,3.96
1,10,2002,1.43,1.44,1.45,1.44,1.39,1.34,1.37,1.68,2.13,2.54,2.89,4.26
1,11,2002,1.2,1.2,1.21,1.22,1.28,1.4,1.54,2.08,2.62,3.06,3.38,4.51
1,12,2002,1.16,1.16,1.17,1.17,1.19,1.22,1.24,1.58,2.06,2.49,2.83,4.12
1,1,2003,1.09,1.12,1.14,1.15,1.17,1.21,1.3,1.68,2.22,2.71,3.06,4.25
1,2,2003,1.13,1.16,1.17,1.18,1.19,1.2,1.24,1.5,1.93,2.39,2.75,3.94
1,3,2003,1.12,1.12,1.12,1.11,1.11,1.12,1.17,1.47,1.97,2.46,2.84,4.09
1,4,2003,1.08,1.1,1.11,1.12,1.12,1.14,1.18,1.46,1.98,2.5,2.88,4.1
1,5,2003,1.09,1.1,1.11,1.11,1.1,1.11,1.16,1.29,1.61,2.02,2.36,3.6
1,6,2003,0.76,0.83,0.88,0.92,0.95,1,1.06,1.26,1.68,2.14,2.51,3.76
1,7,2003,0.88,0.92,0.96,0.99,1.02,1.11,1.25,1.71,2.32,2.92,3.37,4.71
1,8,2003,0.95,0.97,0.99,1.02,1.07,1.19,1.35,1.93,2.55,3.13,3.53,4.7
1,9,2003,0.82,0.87,0.92,0.95,0.99,1.04,1.09,1.42,1.97,2.49,2.88,4.19
1,10,2003,0.92,0.93,0.95,0.97,1.03,1.15,1.29,1.81,2.39,2.92,3.3,4.53
1,11,2003,0.9,0.89,0.9,0.93,1.05,1.25,1.44,2.03,2.57,3.05,3.41,4.52
1,12,2003,0.84,0.86,0.88,0.91,0.99,1.12,1.25,1.81,2.38,2.89,3.27,4.47
